,en,it,ja,de,nl,fr,es,sl
P,0.7854347456185129,0.9166666666666666,,0.4099526066350711,0.8453389830508474,0.7382113821138211,0.6526891522333638,0.4684095860566449
H,1.495940240337772,1.7366917683718515,2.8202009518773137,1.0551939245999458,1.1860130927670445,1.6071041802035955,1.5001648261084555,1.1949341091904844
A,1.7067137809187278,2.034090909090909,2.2329615861214376,1.2755102040816326,1.4344262295081966,1.7691415313225058,1.9632829373650107,1.5762797769893564
N,1.8752854775872105,2.2100090579710145,3.154840583920401,1.4364388405216986,1.2590134409498717,1.8205637446932565,1.767817552987082,1.5107589931000627
