,en,it,ja,de,nl,fr,es,sl
PER,0.006918819188191882,0.015996952961340696,0.0,0.0,0.010595358224016145,0.014059945504087193,0.0,0.0
H,0.05705024311183144,0.06723779854620976,0.0,0.0,0.06132526282255495,0.04862236628849271,0.00024715768660405336,0.0
A,0.04004711425206125,0.054292929292929296,0.0,0.0,0.04904632152588556,0.03304347826086956,0.0,0.0
N,0.04040223463687151,0.038549471444416776,0.0,0.0,0.04056525353283458,0.032447679708826206,0.00017732592505024234,0.0
P,0.0,0.007575757575757576,,0.0,0.00211864406779661,0.0,0.0,0.0
