,en,it,ja,de,nl,fr,es,sl
h_patient,0.26509191308387564,0.20395827028908017,0.0,0.10972100254297959,0.19598814648620005,0.22697460741104591,0.001326491568753313,0.0
n_patient,0.12269440195072609,0.15551538436694395,0.0,0.10005584590565586,0.19463798367220247,0.22183760512917344,0.001604229950703916,0.0
