en,it,ja,nl,fr,es,sl,de
0.26276595744680853,0.3481957693902945,0.18143459915611815,0.30066964285714287,0.2610395584176633,0.356600748262961,0.3057567670606176,0.2334130954970633
0.32558139534883723,0.2979002624671916,,0.43669250645994834,0.4029126213592233,0.5921052631578947,,0.4925373134328358
0.14671814671814673,0.12225913621262459,,0.12195121951219512,0.08977685521536066,0.08333333333333333,,0.08068181818181819
0.0675544794188862,0.06821804271597068,0.06563560920407394,0.09301260022909508,0.08494521844988502,0.06683278455103675,0.08073701842546063,0.0847457627118644
